date,NFCP_M1
19970203,5.28
19970204,5.26
19970205,5.25
19970206,5.26
19970207,5.24
19970210,5.25
19970211,5.24
19970212,5.25
19970213,5.24
19970214,5.23
19970217,
19970218,5.23
19970219,5.24
19970220,5.27
19970221,5.24
19970224,5.24
19970225,5.24
19970226,5.27
19970227,5.27
19970228,5.23
19970303,5.32
19970304,5.27
19970305,5.28
19970306,5.26
19970307,5.27
19970310,5.28
19970311,5.25
19970312,5.27
19970313,5.27
19970314,5.31
19970317,5.3
19970318,5.31
19970319,5.33
19970320,5.36
19970321,5.4
19970324,5.44
19970325,5.51
19970326,5.51
19970327,5.55
19970328,5.55
19970331,5.56
19970401,5.53
19970402,5.51
19970403,5.51
19970404,5.5
19970407,5.5
19970408,5.5
19970409,5.5
19970410,5.48
19970411,5.49
19970414,5.5
19970415,5.5
19970416,5.49
19970417,5.48
19970418,5.47
19970421,5.47
19970422,5.46
19970423,5.47
19970424,5.46
19970425,5.48
19970428,5.48
19970429,5.53
19970430,5.5
19970501,5.5
19970502,5.47
19970505,5.5
19970506,5.49
19970507,5.49
19970508,5.52
19970509,5.52
19970512,5.51
19970513,5.51
19970514,5.5
19970515,5.53
19970516,5.53
19970519,5.54
19970520,5.57
19970521,5.49
19970522,5.49
19970523,5.49
19970526,
19970527,5.5
19970528,5.5
19970529,5.48
19970530,5.53
19970602,5.53
19970603,5.53
19970604,5.51
19970605,5.5
19970606,5.49
19970609,5.5
19970610,5.48
19970611,5.48
19970612,5.5
19970613,5.49
19970616,5.51
19970617,5.51
19970618,5.49
19970619,5.51
19970620,5.51
19970623,5.51
19970624,5.51
19970625,5.51
19970626,5.51
19970627,5.52
19970630,5.53
19970701,5.49
19970702,5.54
19970703,5.48
19970704,
19970707,5.48
19970708,5.47
19970709,5.48
19970710,5.47
19970711,5.46
19970714,5.46
19970715,5.49
19970716,5.47
19970717,5.47
19970718,5.48
19970721,5.48
19970722,5.47
19970723,5.46
19970724,5.48
19970725,5.47
19970728,5.48
19970729,5.47
19970730,5.49
19970731,5.49
19970801,5.48
19970804,5.47
19970805,5.47
19970806,5.47
19970807,5.47
19970808,5.47
19970811,5.49
19970812,5.5
19970813,5.5
19970814,5.48
19970815,5.49
19970818,5.49
19970819,5.47
19970820,5.47
19970821,5.48
19970822,5.46
19970825,5.48
19970826,5.46
19970827,5.5
19970828,5.49
19970829,5.48
19970901,
19970902,5.49
19970903,5.49
19970904,5.49
19970905,5.47
19970908,5.47
19970909,5.47
19970910,5.48
19970911,5.48
19970912,5.48
19970915,5.49
19970916,5.49
19970917,5.48
19970918,5.48
19970919,5.49
19970922,5.49
19970923,5.49
19970924,5.49
19970925,5.49
19970926,5.49
19970929,5.51
19970930,5.51
19971001,5.48
19971002,5.49
19971003,5.48
19971006,5.48
19971007,5.47
19971008,5.47
19971009,5.46
19971010,5.48
19971013,
19971014,5.48
19971015,5.48
19971016,5.47
19971017,5.48
19971020,5.48
19971021,5.49
19971022,5.49
19971023,5.48
19971024,5.49
19971027,5.48
19971028,5.51
19971029,5.51
19971030,5.52
19971031,5.53
19971103,5.51
19971104,5.54
19971105,5.51
19971106,5.5
19971107,5.51
19971110,5.53
19971111,
19971112,5.53
19971113,5.53
19971114,5.52
19971117,5.54
19971118,5.54
19971119,5.52
19971120,5.52
19971121,5.5
19971124,5.53
19971125,5.52
19971126,5.55
19971127,
19971128,5.63
19971201,5.56
19971202,5.72
19971203,5.71
19971204,5.71
19971205,5.72
19971208,5.7
19971209,5.72
19971210,5.75
19971211,5.76
19971212,5.78
19971215,5.79
19971216,5.78
19971217,5.81
19971218,5.83
19971219,5.88
19971222,5.87
19971223,5.9
19971224,5.88
19971225,
19971226,5.94
19971229,5.87
19971230,5.75
19971231,5.65
19980101,
19980102,5.56
19980105,5.52
19980106,5.5
19980107,5.47
19980108,5.46
19980109,5.44
19980112,5.43
19980113,5.43
19980114,5.44
19980115,5.44
19980116,5.44
19980119,
19980120,5.44
19980121,5.44
19980122,5.43
19980123,5.44
19980126,5.45
19980127,5.46
19980128,5.47
19980129,5.47
19980130,5.48
19980202,5.47
19980203,5.48
19980204,5.46
19980205,5.45
19980206,5.46
19980209,5.47
19980210,5.47
19980211,5.46
19980212,5.47
19980213,5.48
19980216,
19980217,5.47
19980218,5.47
19980219,5.46
19980220,5.45
19980223,5.46
19980224,5.47
19980225,5.49
19980226,5.51
19980227,5.51
19980302,5.51
19980303,5.5
19980304,5.5
19980305,5.51
19980306,5.5
19980309,5.51
19980310,5.51
19980311,5.5
19980312,5.49
19980313,5.51
19980316,5.53
19980317,5.49
19980318,5.5
19980319,5.49
19980320,5.49
19980323,5.52
19980324,5.53
19980325,5.5
19980326,5.51
19980327,5.52
19980330,5.54
19980331,5.52
19980401,5.52
19980402,5.52
19980403,5.49
19980406,5.49
19980407,5.49
19980408,5.49
19980409,5.48
19980410,5.48
19980413,5.49
19980414,5.5
19980415,5.5
19980416,5.48
19980417,5.47
19980420,5.48
19980421,5.47
19980422,5.48
19980423,5.47
19980424,5.48
19980427,5.5
19980428,5.5
19980429,5.5
19980430,5.48
19980501,5.48
19980504,5.49
19980505,5.49
19980506,5.48
19980507,5.47
19980508,5.47
19980511,5.47
19980512,5.49
19980513,5.49
19980514,5.5
19980515,5.49
19980518,5.5
19980519,5.5
19980520,5.49
19980521,5.48
19980522,5.48
19980525,
19980526,5.49
19980527,5.49
19980528,5.5
19980529,5.51
19980601,5.5
19980602,5.51
19980603,5.49
19980604,5.49
19980605,5.49
19980608,5.5
19980609,5.48
19980610,5.49
19980611,5.5
19980612,5.5
19980615,5.53
19980616,5.51
19980617,5.51
19980618,5.52
19980619,5.51
19980622,5.53
19980623,5.53
19980624,5.53
19980625,5.54
19980626,5.55
19980629,5.55
19980630,5.54
19980701,5.53
19980702,5.51
19980703,
19980706,5.5
19980707,5.5
19980708,5.5
19980709,5.5
19980710,5.5
19980713,5.5
19980714,5.49
19980715,5.5
19980716,5.51
19980717,5.5
19980720,5.5
19980721,5.51
19980722,5.51
19980723,5.52
19980724,5.51
19980727,5.51
19980728,5.52
19980729,5.52
19980730,5.52
19980731,5.53
19980803,5.52
19980804,5.52
19980805,5.5
19980806,5.5
19980807,5.5
19980810,5.5
19980811,5.5
19980812,5.49
19980813,5.5
19980814,5.49
19980817,5.5
19980818,5.5
19980819,5.5
19980820,5.49
19980821,5.49
19980824,5.49
19980825,5.51
19980826,5.51
19980827,5.5
19980828,5.48
19980831,5.51
19980901,5.5
19980902,5.5
19980903,5.49
19980904,5.49
19980907,
19980908,5.5
19980909,5.48
19980910,5.48
19980911,5.48
19980914,5.49
19980915,5.48
19980916,5.49
19980917,5.49
19980918,5.5
19980921,5.49
19980922,5.51
19980923,5.5
19980924,5.44
19980925,5.3
19980928,5.25
19980929,5.23
19980930,5.22
19981001,5.23
19981002,5.22
19981005,5.24
19981006,5.24
19981007,5.27
19981008,5.25
19981009,5.25
19981012,
19981013,5.25
19981014,5.26
19981015,5.27
19981016,5.08
19981019,5.04
19981020,5.03
19981021,5.04
19981022,5.03
19981023,5.02
19981026,5.02
19981027,5.02
19981028,5.06
19981029,5.05
19981030,5.08
19981102,5.11
19981103,5.12
19981104,5.11
19981105,5.12
19981106,5.11
19981109,5.1
19981110,5.1
19981111,
19981112,5.1
19981113,5.13
19981116,5.13
19981117,5.11
19981118,4.87
19981119,4.83
19981120,4.8
19981123,4.83
19981124,4.83
19981125,4.85
19981126,
19981127,4.85
19981130,4.95
19981201,4.9
19981202,5.2
19981203,5.2
19981204,5.18
19981207,5.15
19981208,5.13
19981209,5.15
19981210,5.15
19981211,5.23
19981214,5.22
19981215,5.24
19981216,5.29
19981217,5.24
19981218,5.3
19981221,5.37
19981222,5.45
19981223,5.47
19981224,5.47
19981225,
19981228,5.4
19981229,5.44
19981230,5.22
19981231,4.9
19990101,
19990104,4.86
19990105,4.83
19990106,4.81
19990107,4.78
19990108,4.78
19990111,4.82
19990112,4.79
19990113,4.81
19990114,4.82
19990115,4.82
19990118,4.82
19990119,4.8
19990120,4.78
19990121,4.78
19990122,4.77
19990125,4.78
19990126,4.79
19990127,4.8
19990128,4.79
19990129,4.78
19990201,4.81
19990202,4.79
19990203,4.79
19990204,4.79
19990205,4.78
19990208,4.8
19990209,4.79
19990210,4.79
19990211,4.8
19990212,4.8
19990215,
19990216,4.83
19990217,4.82
19990218,4.8
19990219,4.79
19990222,4.8
19990223,4.8
19990224,4.81
19990225,4.83
19990226,4.83
19990301,4.85
19990302,4.83
19990303,4.83
19990304,4.81
19990305,4.82
19990308,4.81
19990309,4.82
19990310,4.83
19990311,4.82
19990312,4.81
19990315,4.82
19990316,4.82
19990317,4.81
19990318,4.81
19990319,4.81
19990322,4.81
19990323,4.82
19990324,4.81
19990325,4.82
19990326,4.84
19990329,4.84
19990330,4.84
19990331,4.84
19990401,4.85
19990402,4.83
19990405,4.82
19990406,4.81
19990407,4.81
19990408,4.8
19990409,4.79
19990412,4.79
19990413,4.78
19990414,4.78
19990415,4.79
19990416,4.78
19990419,4.78
19990420,4.77
19990421,4.75
19990422,4.75
19990423,4.74
19990426,4.75
19990427,4.77
19990428,4.77
19990429,4.78
19990430,4.78
19990503,4.8
19990504,4.8
19990505,4.79
19990506,4.77
19990507,4.77
19990510,4.77
19990511,4.77
19990512,4.77
19990513,4.78
19990514,4.79
19990517,4.8
19990518,4.8
19990519,4.81
19990520,4.81
19990521,4.79
19990524,4.79
19990525,4.79
19990526,4.8
19990527,4.82
19990528,4.85
19990531,
19990601,4.83
19990602,4.88
19990603,4.84
19990604,4.83
19990607,4.82
19990608,4.84
19990609,4.84
19990610,4.87
19990611,4.88
19990614,4.93
19990615,4.94
19990616,4.97
19990617,4.96
19990618,4.96
19990621,4.96
19990622,4.97
19990623,4.99
19990624,5.04
19990625,5.08
19990628,5.17
19990629,5.18
19990630,5.13
19990701,5.08
19990702,5.08
19990705,
19990706,5.09
19990707,5.05
19990708,5.05
19990709,5.04
19990712,5.06
19990713,5.06
19990714,5.05
19990715,5.07
19990716,5.06
19990719,5.06
19990720,5.03
19990721,5.03
19990722,5.02
19990723,5.05
19990726,5.07
19990727,5.06
19990728,5.06
19990729,5.08
19990730,5.09
19990802,5.1
19990803,5.11
19990804,5.1
19990805,5.12
19990806,5.11
19990809,5.14
19990810,5.13
19990811,5.14
19990812,5.15
19990813,5.16
19990816,5.19
19990817,5.18
19990818,5.17
19990819,5.18
19990820,5.17
19990823,5.2
19990824,5.21
19990825,5.25
19990826,5.24
19990827,5.25
19990830,5.27
19990831,5.28
19990901,5.28
19990902,5.28
19990903,5.29
19990906,
19990907,5.27
19990908,5.28
19990909,5.27
19990910,5.28
19990913,5.28
19990914,5.28
19990915,5.28
19990916,5.3
19990917,5.28
19990920,5.29
19990921,5.29
19990922,5.28
19990923,5.29
19990924,5.29
19990927,5.29
19990928,5.29
19990929,5.29
19990930,5.3
19991001,5.29
19991004,5.3
19991005,5.31
19991006,5.29
19991007,5.29
19991008,5.29
19991011,
19991012,5.28
19991013,5.28
19991014,5.28
19991015,5.28
19991018,5.28
19991019,5.28
19991020,5.27
19991021,5.27
19991022,5.24
19991025,5.26
19991026,5.26
19991027,5.26
19991028,5.29
19991029,5.29
19991101,5.28
19991102,5.28
19991103,5.27
19991104,5.27
19991105,5.27
19991108,5.25
19991109,5.25
19991110,5.26
19991111,
19991112,5.27
19991115,5.31
19991116,5.39
19991117,5.47
19991118,5.47
19991119,5.46
19991122,5.46
19991123,5.46
19991124,5.47
19991125,
19991126,5.5
19991129,5.49
19991130,5.47
19991201,5.49
19991202,5.85
19991203,5.85
19991206,5.85
19991207,5.85
19991208,5.89
19991209,5.92
19991210,5.89
19991213,6
19991214,6.03
19991215,6.06
19991216,6.33
19991217,6.38
19991220,6.3
19991221,6.35
19991222,6.32
19991223,6.36
19991224,
19991227,6.46
19991228,6.3
19991229,5.47
19991230,5.2
19991231,5.13
20000103,5.51
20000104,5.51
20000105,5.57
20000106,5.55
20000107,5.54
20000110,5.52
20000111,5.57
20000112,5.58
20000113,5.58
20000114,5.56
20000117,
20000118,5.59
20000119,5.62
20000120,5.61
20000121,5.62
20000124,5.63
20000125,5.6
20000126,5.65
20000127,5.64
20000128,5.69
20000131,5.74
20000201,5.79
20000202,5.78
20000203,5.76
20000204,5.76
20000207,5.74
20000208,5.75
20000209,5.75
20000210,5.75
20000211,5.75
20000214,5.75
20000215,5.76
20000216,5.75
20000217,5.76
20000218,5.75
20000221,
20000222,5.76
20000223,5.75
20000224,5.78
20000225,5.75
20000228,5.77
20000229,5.75
20000301,5.77
20000302,5.79
20000303,5.8
20000306,5.82
20000307,5.81
20000308,5.83
20000309,5.82
20000310,5.86
20000313,5.89
20000314,5.91
20000315,5.94
20000316,5.95
20000317,5.97
20000320,6
20000321,6
20000322,6.01
20000323,6.01
20000324,6.01
20000327,6.03
20000328,6.03
20000329,6.03
20000330,6.04
20000331,6.05
20000403,6.04
20000404,6.02
20000405,6
20000406,6
20000407,5.99
20000410,6
20000411,6
20000412,6
20000413,6
20000414,6
20000417,6.01
20000418,6.02
20000419,6
20000420,6.01
20000421,
20000424,6.02
20000425,6.02
20000426,6.04
20000427,6.09
20000428,6.12
20000501,6.17
20000502,6.22
20000503,6.24
20000504,6.28
20000505,6.28
20000508,6.34
20000509,6.36
20000510,6.37
20000511,6.37
20000512,6.4
20000515,6.47
20000516,6.49
20000517,6.47
20000518,6.46
20000519,6.47
20000522,6.48
20000523,6.48
20000524,6.48
20000525,6.48
20000526,6.49
20000529,
20000530,6.49
20000531,6.5
20000601,6.51
20000602,6.51
20000605,6.53
20000606,6.5
20000607,6.5
20000608,6.5
20000609,6.51
20000612,6.52
20000613,6.53
20000614,6.51
20000615,6.53
20000616,6.52
20000619,6.53
20000620,6.54
20000621,6.54
20000622,6.54
20000623,6.54
20000626,6.56
20000627,6.56
20000628,6.58
20000629,6.59
20000630,6.59
20000703,6.56
20000704,
20000705,6.51
20000706,6.51
20000707,6.49
20000710,6.49
20000711,6.49
20000712,6.51
20000713,6.47
20000714,6.47
20000717,6.5
20000718,6.48
20000719,6.49
20000720,6.48
20000721,6.5
20000724,6.48
20000725,6.47
20000726,6.46
20000727,6.46
20000728,6.48
20000731,6.5
20000801,6.5
20000802,6.5
20000803,6.48
20000804,6.48
20000807,6.47
20000808,6.47
20000809,6.49
20000810,6.46
20000811,6.46
20000814,6.46
20000815,6.49
20000816,6.47
20000817,6.47
20000818,6.47
20000821,6.48
20000822,6.46
20000823,6.47
20000824,6.46
20000825,6.47
20000828,6.47
20000829,6.47
20000830,6.48
20000831,6.49
20000901,6.48
20000904,
20000905,6.48
20000906,6.48
20000907,6.47
20000908,6.46
20000911,6.48
20000912,6.48
20000913,6.47
20000914,6.48
20000915,6.5
20000918,6.48
20000919,6.48
20000920,6.47
20000921,6.49
20000922,6.49
20000925,6.48
20000926,6.49
20000927,6.49
20000928,6.52
20000929,6.49
20001002,6.5
20001003,6.48
20001004,6.48
20001005,6.47
20001006,6.47
20001009,
20001010,6.47
20001011,6.47
20001012,6.48
20001013,6.46
20001016,6.47
20001017,6.46
20001018,6.46
20001019,6.47
20001020,6.47
20001023,6.47
20001024,6.47
20001025,6.48
20001026,6.48
20001027,6.47
20001030,6.5
20001031,6.51
20001101,6.5
20001102,6.49
20001103,6.48
20001106,6.48
20001107,6.47
20001108,6.47
20001109,6.47
20001110,6.47
20001113,6.48
20001114,6.5
20001115,6.48
20001116,6.48
20001117,6.49
20001120,6.49
20001121,6.49
20001122,6.5
20001123,
20001124,6.52
20001127,6.5
20001128,6.51
20001129,6.49
20001130,6.52
20001201,6.51
20001204,6.52
20001205,6.53
20001206,6.51
20001207,6.51
20001208,6.54
20001211,6.54
20001212,6.5
20001213,6.54
20001214,6.54
20001215,6.54
20001218,6.56
20001219,6.53
20001220,6.51
20001221,6.52
20001222,6.45
20001225,
20001226,6.49
20001227,6.44
20001228,6.46
20001229,6.4
20010101,
20010102,6.45
20010103,6.34
20010104,5.91
20010105,5.79
20010108,5.71
20010109,5.73
20010110,5.73
20010111,5.74
20010112,5.74
20010115,
20010116,5.75
20010117,5.77
20010118,5.75
20010119,5.68
20010122,5.6
20010123,5.6
20010124,5.63
20010125,5.57
20010126,5.58
20010129,5.52
20010130,5.47
20010131,5.4
20010201,5.42
20010202,5.39
20010205,5.42
20010206,5.42
20010207,5.44
20010208,5.42
20010209,5.43
20010212,5.42
20010213,5.44
20010214,5.44
20010215,5.44
20010216,5.43
20010219,
20010220,5.45
20010221,5.45
20010222,5.43
20010223,5.38
20010226,5.24
20010227,5.19
20010228,5.14
20010301,5.23
20010302,5.21
20010305,5.17
20010306,5.19
20010307,5.16
20010308,5.11
20010309,5.11
20010312,5.1
20010313,5.09
20010314,5.05
20010315,5.02
20010316,4.91
20010319,4.85
20010320,4.82
20010321,4.91
20010322,4.9
20010323,4.91
20010326,4.91
20010327,4.9
20010328,4.95
20010329,4.95
20010330,5
20010402,4.94
20010403,4.94
20010404,4.94
20010405,4.93
20010406,4.91
20010409,4.9
20010410,4.91
20010411,4.9
20010412,4.95
20010413,
20010416,4.94
20010417,4.96
20010418,4.89
20010419,4.44
20010420,4.46
20010423,4.39
20010424,4.36
20010425,4.35
20010426,4.38
20010427,4.33
20010430,4.46
20010501,4.35
20010502,4.34
20010503,4.33
20010504,4.25
20010507,4.12
20010508,4.09
20010509,4.05
20010510,4.03
20010511,4.02
20010514,4.02
20010515,4
20010516,3.97
20010517,3.97
20010518,3.96
20010521,3.97
20010522,3.98
20010523,3.98
20010524,3.99
20010525,3.98
20010528,
20010529,3.96
20010530,3.97
20010531,3.98
20010601,3.97
20010604,3.97
20010605,3.96
20010606,3.92
20010607,3.91
20010608,3.91
20010611,3.88
20010612,3.9
20010613,3.87
20010614,3.88
20010615,3.87
20010618,3.77
20010619,3.75
20010620,3.73
20010621,3.71
20010622,3.68
20010625,3.67
20010626,3.64
20010627,3.64
20010628,3.73
20010629,3.78
20010702,3.77
20010703,3.75
20010704,
20010705,3.74
20010706,3.7
20010709,3.72
20010710,3.71
20010711,3.7
20010712,3.71
20010713,3.7
20010716,3.72
20010717,3.71
20010718,3.7
20010719,3.69
20010720,3.69
20010723,3.7
20010724,3.69
20010725,3.7
20010726,3.69
20010727,3.68
20010730,3.68
20010731,3.67
20010801,3.68
20010802,3.65
20010803,3.66
20010806,3.62
20010807,3.62
20010808,3.6
20010809,3.6
20010810,3.57
20010813,3.55
20010814,3.53
20010815,3.55
20010816,3.53
20010817,3.53
20010820,3.5
20010821,3.5
20010822,3.46
20010823,3.47
20010824,3.49
20010827,3.47
20010828,3.49
20010829,3.47
20010830,3.48
20010831,3.5
20010903,
20010904,3.48
20010905,3.49
20010906,3.48
20010907,3.46
20010910,3.42
20010911,
20010912,
20010913,
20010914,3.44
20010917,3
20010918,2.97
20010919,2.49
20010920,2.5
20010921,2.45
20010924,2.54
20010925,2.6
20010926,2.66
20010927,2.67
20010928,2.64
20011001,2.63
20011002,2.5
20011003,2.47
20011004,2.47
20011005,2.45
20011008,
20011009,2.43
20011010,2.46
20011011,2.46
20011012,2.47
20011015,2.43
20011016,2.42
20011017,2.42
20011018,2.4
20011019,2.37
20011022,2.35
20011023,2.33
20011024,2.31
20011025,2.27
20011026,2.32
20011029,2.27
20011030,2.28
20011031,2.23
20011101,2.2
20011102,2.18
20011105,2.11
20011106,2.05
20011107,1.99
20011108,1.98
20011109,1.96
20011112,
20011113,1.96
20011114,2.01
20011115,2
20011116,2.01
20011119,1.99
20011120,2
20011121,2.03
20011122,
20011123,2.07
20011126,2
20011127,2
20011128,2.03
20011129,1.98
20011130,1.96
20011203,1.96
20011204,1.96
20011205,1.93
20011206,1.89
20011207,1.81
20011210,1.76
20011211,1.76
20011212,1.76
20011213,1.75
20011214,1.79
20011217,1.79
20011218,1.8
20011219,1.82
20011220,1.84
20011221,1.84
20011224,1.94
20011225,
20011226,1.96
20011227,1.83
20011228,1.82
20011231,1.76
20020101,
20020102,1.74
20020103,1.75
20020104,1.71
20020107,1.71
20020108,1.72
20020109,1.73
20020110,1.7
20020111,1.7
20020114,1.64
20020115,1.63
20020116,1.61
20020117,1.6
20020118,1.63
20020121,
20020122,1.65
20020123,1.71
20020124,1.71
20020125,1.73
20020128,1.75
20020129,1.76
20020130,1.76
20020131,1.76
20020201,1.78
20020204,1.77
20020205,1.76
20020206,1.77
20020207,1.75
20020208,1.76
20020211,1.77
20020212,1.72
20020213,1.74
20020214,1.76
20020215,1.78
20020218,
20020219,1.74
20020220,1.74
20020221,1.74
20020222,1.75
20020225,1.75
20020226,1.76
20020227,1.76
20020228,1.76
20020301,1.74
20020304,1.77
20020305,1.78
20020306,1.8
20020307,1.77
20020308,1.78
20020311,1.79
20020312,1.78
20020313,1.75
20020314,1.79
20020315,1.8
20020318,1.78
20020319,1.78
20020320,1.78
20020321,1.79
20020322,1.78
20020325,1.79
20020326,1.79
20020327,1.78
20020328,1.78
20020329,
20020401,1.79
20020402,1.79
20020403,1.79
20020404,1.78
20020405,1.77
20020408,1.76
20020409,1.8
20020410,1.77
20020411,1.76
20020412,1.75
20020415,1.76
20020416,1.74
20020417,1.74
20020418,1.74
20020419,1.72
20020422,1.79
20020423,1.72
20020424,1.72
20020425,1.73
20020426,1.74
20020429,1.73
20020430,1.73
20020501,1.72
20020502,1.74
20020503,1.74
20020506,1.73
20020507,1.75
20020508,1.75
20020509,1.75
20020510,1.75
20020513,1.74
20020514,1.75
20020515,1.77
20020516,1.75
20020517,1.75
20020520,1.75
20020521,1.74
20020522,1.74
20020523,1.75
20020524,1.74
20020527,
20020528,1.75
20020529,1.75
20020530,1.76
20020531,1.74
20020603,1.74
20020604,1.76
20020605,1.75
20020606,1.73
20020607,1.73
20020610,1.75
20020611,1.73
20020612,1.74
20020613,1.74
20020614,1.73
20020617,1.73
20020618,1.74
20020619,1.75
20020620,1.74
20020621,1.74
20020624,1.74
20020625,1.75
20020626,1.74
20020627,1.76
20020628,1.76
20020701,1.75
20020702,1.74
20020703,1.74
20020704,
20020705,1.75
20020708,1.74
20020709,1.73
20020710,1.74
20020711,1.74
20020712,1.73
20020715,1.72
20020716,1.72
20020717,1.73
20020718,1.73
20020719,1.72
20020722,1.73
20020723,1.74
20020724,1.74
20020725,1.77
20020726,1.73
20020729,1.74
20020730,1.72
20020731,1.81
20020801,1.75
20020802,1.72
20020805,1.72
20020806,1.71
20020807,1.72
20020808,1.69
20020809,1.68
20020812,1.7
20020813,1.7
20020814,1.7
20020815,1.75
20020816,1.71
20020819,1.72
20020820,1.7
20020821,1.7
20020822,1.73
20020823,1.73
20020826,1.72
20020827,1.73
20020828,1.72
20020829,1.72
20020830,1.71
20020902,
20020903,1.72
20020904,1.71
20020905,1.73
20020906,1.72
20020909,1.73
20020910,1.72
20020911,1.73
20020912,1.73
20020913,1.73
20020916,1.72
20020917,1.73
20020918,1.7
20020919,1.73
20020920,1.74
20020923,1.72
20020924,1.7
20020925,1.73
20020926,1.74
20020927,1.78
20020930,1.73
20021001,1.75
20021002,1.74
20021003,1.72
20021004,1.71
20021007,1.7
20021008,1.71
20021009,1.74
20021010,1.74
20021011,1.72
20021014,
20021015,1.72
20021016,1.72
20021017,1.72
20021018,1.73
20021021,1.71
20021022,1.75
20021023,1.71
20021024,1.72
20021025,1.76
20021028,1.73
20021029,1.74
20021030,1.65
20021031,1.66
20021101,1.6
20021104,1.59
20021105,1.54
20021106,1.51
20021107,1.27
20021108,1.26
20021111,
20021112,1.26
20021113,1.28
20021114,1.28
20021115,1.29
20021118,1.3
20021119,1.28
20021120,1.27
20021121,1.29
20021122,1.27
20021125,1.28
20021126,1.3
20021127,1.31
20021128,
20021129,1.3
20021202,1.31
20021203,1.28
20021204,1.27
20021205,1.29
20021206,1.32
20021209,1.31
20021210,1.33
20021211,1.32
20021212,1.32
20021213,1.32
20021216,1.31
20021217,1.35
20021218,1.32
20021219,1.32
20021220,1.31
20021223,1.31
20021224,1.33
20021225,
20021226,1.34
20021227,1.33
20021230,1.31
20021231,1.28
20030101,
20030102,1.26
20030103,1.26
20030106,1.24
20030107,1.25
20030108,1.25
20030109,1.26
20030110,1.25
20030113,1.27
20030114,1.23
20030115,1.25
20030116,1.26
20030117,1.25
20030120,
20030121,1.27
20030122,1.24
20030123,1.25
20030124,1.25
20030127,1.23
20030128,1.25
20030129,1.24
20030130,1.23
20030131,1.24
20030203,1.24
20030204,1.23
20030205,1.23
20030206,1.23
20030207,1.24
20030210,1.23
20030211,1.26
20030212,1.25
20030213,1.23
20030214,1.24
20030217,
20030218,1.24
20030219,1.26
20030220,1.24
20030221,1.24
20030224,1.23
20030225,1.24
20030226,1.24
20030227,1.25
20030228,1.28
20030303,1.23
20030304,1.24
20030305,1.22
20030306,1.23
20030307,1.22
20030310,1.19
20030311,1.19
20030312,1.16
20030313,1.2
20030314,1.2
20030317,1.19
20030318,1.19
20030319,1.21
20030320,1.22
20030321,1.23
20030324,1.21
20030325,1.24
20030326,1.24
20030327,1.24
20030328,1.24
20030331,1.22
20030401,1.22
20030402,1.19
20030403,1.21
20030404,1.21
20030407,1.24
20030408,1.23
20030409,1.19
20030410,1.18
20030411,1.24
20030414,1.17
20030415,1.22
20030416,1.23
20030417,1.22
20030418,
20030421,1.25
20030422,1.23
20030423,1.23
20030424,1.23
20030425,1.22
20030428,1.24
20030429,1.2
20030430,1.24
20030501,1.22
20030502,1.21
20030505,1.21
20030506,1.21
20030507,1.19
20030508,1.2
20030509,1.2
20030512,1.22
20030513,1.2
20030514,1.21
20030515,1.24
20030516,1.22
20030519,1.2
20030520,1.2
20030521,1.2
20030522,1.21
20030523,1.25
20030526,
20030527,1.22
20030528,1.24
20030529,1.21
20030530,1.24
20030602,1.23
20030603,1.23
20030604,1.21
20030605,1.21
20030606,1.19
20030609,1.14
20030610,1.14
20030611,1.11
20030612,1.06
20030613,1.05
20030616,1
20030617,1
20030618,1.01
20030619,0.96
20030620,0.96
20030623,0.97
20030624,0.91
20030625,0.91
20030626,0.99
20030627,1.06
20030630,1.02
20030701,1.01
20030702,1.01
20030703,1.01
20030704,
20030707,1.03
20030708,1.01
20030709,1.01
20030710,1.01
20030711,1
20030714,1
20030715,1
20030716,1.01
20030717,1.02
20030718,1.01
20030721,1.01
20030722,1
20030723,1.01
20030724,1.02
20030725,1.05
20030728,1.02
20030729,1.01
20030730,1.02
20030731,1.01
20030801,1.03
20030804,1.05
20030805,1.03
20030806,1.02
20030807,1.01
20030808,1.02
20030811,1.04
20030812,1
20030813,1
20030814,1.05
20030815,1.05
20030818,1.03
20030819,1.04
20030820,1.04
20030821,1.03
20030822,1.04
20030825,1.03
20030826,1.02
20030827,1
20030828,1.03
20030829,1.04
20030901,
20030902,1.03
20030903,1.03
20030904,1.04
20030905,1.05
20030908,1.03
20030909,1.02
20030910,1.02
20030911,1.02
20030912,0.98
20030915,1.01
20030916,1.03
20030917,1.03
20030918,1.02
20030919,1.03
20030922,1.02
20030923,1.03
20030924,1.01
20030925,1
20030926,1.01
20030929,1.01
20030930,1.01
20031001,1.01
20031002,1.02
20031003,1.01
20031006,1.02
20031007,1.02
20031008,1.03
20031009,1.02
20031010,1.01
20031013,
20031014,1
20031015,1
20031016,1.02
20031017,1.02
20031020,1.03
20031021,1.02
20031022,1.02
20031023,1.01
20031024,1.01
20031027,1.02
20031028,1.02
20031029,1.03
20031030,1.02
20031031,1.04
20031103,1.01
20031104,1.02
20031105,1
20031106,1.03
20031107,1.02
20031110,1.07
20031111,
20031112,1.01
20031113,1.01
20031114,1.01
20031117,1.01
20031118,1.02
20031119,1.02
20031120,1.02
20031121,1.03
20031124,1
20031125,1.01
20031126,1.04
20031127,
20031128,1.02
20031201,1.02
20031202,1
20031203,1.01
20031204,1.03
20031205,1.03
20031208,1.02
20031209,1.04
20031210,1.03
20031211,1.01
20031212,1.01
20031215,1.04
20031216,1.05
20031217,1.03
20031218,1.02
20031219,1.02
20031222,1.02
20031223,1.09
20031224,1.07
20031225,
20031226,1.05
20031229,1.02
20031230,1.05
20031231,1
20040101,
20040102,1.03
20040105,1.02
20040106,1
20040107,1
20040108,0.99
20040109,0.98
20040112,1
20040113,0.98
20040114,0.98
20040115,0.98
20040116,0.98
20040119,
20040120,0.97
20040121,0.99
20040122,1
20040123,0.97
20040126,0.98
20040127,1
20040128,1.06
20040129,0.99
20040130,0.99
20040202,0.98
20040203,0.99
20040204,0.99
20040205,1
20040206,1
20040209,0.99
20040210,1
20040211,1
20040212,1.01
20040213,0.98
20040216,
20040217,0.98
20040218,0.97
20040219,1
20040220,0.98
20040223,1.02
20040224,1
20040225,0.99
20040226,0.98
20040227,1
20040301,0.99
20040302,0.99
20040303,0.99
20040304,0.98
20040305,0.98
20040308,0.99
20040309,0.98
20040310,0.99
20040311,0.98
20040312,0.99
20040315,0.97
20040316,0.99
20040317,0.99
20040318,0.99
20040319,0.99
20040322,0.98
20040323,0.98
20040324,0.97
20040325,0.99
20040326,0.99
20040329,1.05
20040330,1
20040331,0.99
20040401,1
20040402,1.01
20040405,0.99
20040406,1
20040407,1
20040408,1
20040409,
20040412,0.99
20040413,1.02
20040414,1.04
20040415,1
20040416,1
20040419,1
20040420,1
20040421,1.06
20040422,1.03
20040423,0.97
20040426,0.99
20040427,0.99
20040428,0.98
20040429,0.97
20040430,0.99
20040503,0.99
20040504,1
20040505,1.02
20040506,1
20040507,1.01
20040510,0.99
20040511,1.02
20040512,0.99
20040513,0.99
20040514,0.99
20040517,0.99
20040518,1.01
20040519,1
20040520,1.01
20040521,1.01
20040524,1.01
20040525,1
20040526,1
20040527,1
20040528,1.01
20040531,
20040601,1
20040602,1.02
20040603,0.98
20040604,1.04
20040607,1.06
20040608,1.05
20040609,1.05
20040610,1.1
20040611,
20040614,1.12
20040615,1.17
20040616,1.14
20040617,1.18
20040618,1.15
20040621,1.17
20040622,1.17
20040623,1.18
20040624,1.19
20040625,1.19
20040628,1.24
20040629,1.25
20040630,1.27
20040701,1.27
20040702,1.25
20040705,
20040706,1.25
20040707,1.24
20040708,1.24
20040709,1.25
20040712,1.25
20040713,1.25
20040714,1.24
20040715,1.29
20040716,1.27
20040719,1.3
20040720,1.32
20040721,1.31
20040722,1.32
20040723,1.32
20040726,1.33
20040727,1.34
20040728,1.34
20040729,1.34
20040730,1.33
20040802,1.4
20040803,1.41
20040804,1.43
20040805,1.45
20040806,1.46
20040809,1.44
20040810,1.48
20040811,1.48
20040812,1.48
20040813,1.48
20040816,1.5
20040817,1.49
20040818,1.49
20040819,1.48
20040820,1.48
20040823,1.49
20040824,1.5
20040825,1.52
20040826,1.5
20040827,1.51
20040830,1.51
20040831,1.53
20040901,1.53
20040902,1.54
20040903,1.54
20040906,
20040907,1.59
20040908,1.61
20040909,1.62
20040910,1.61
20040913,1.64
20040914,1.66
20040915,1.65
20040916,1.68
20040917,1.72
20040920,1.72
20040921,1.72
20040922,1.71
20040923,1.72
20040924,1.75
20040927,1.75
20040928,1.74
20040929,1.74
20040930,1.74
20041001,1.75
20041004,1.74
20041005,1.74
20041006,1.73
20041007,1.74
20041008,1.75
20041011,
20041012,1.74
20041013,1.76
20041014,1.77
20041015,1.78
20041018,1.83
20041019,1.79
20041020,1.78
20041021,1.78
20041022,1.84
20041025,1.83
20041026,1.85
20041027,1.84
20041028,1.87
20041029,1.87
20041101,1.89
20041102,1.85
20041103,1.93
20041104,1.97
20041105,1.95
20041108,1.98
20041109,2
20041110,2.02
20041111,
20041112,2.01
20041115,2
20041116,2
20041117,2.02
20041118,2.03
20041119,2.03
20041122,2.06
20041123,2.06
20041124,2.07
20041125,
20041126,2.07
20041129,2.1
20041130,2.09
20041201,2.16
20041202,2.09
20041203,2.13
20041206,2.1
20041207,2.19
20041208,2.16
20041209,2.27
20041210,2.29
20041213,2.25
20041214,2.25
20041215,2.26
20041216,2.25
20041217,2.26
20041220,2.24
20041221,2.27
20041222,2.26
20041223,2.26
20041224,
20041227,2.29
20041228,
20041229,
20041230,2.24
20041231,2.19
20050103,2.24
20050104,2.24
20050105,2.24
20050106,2.25
20050107,2.25
20050110,2.26
20050111,2.29
20050112,2.29
20050113,2.3
20050114,2.33
20050117,
20050118,2.33
20050119,2.35
20050120,2.36
20050121,2.37
20050124,2.4
20050125,2.39
20050126,2.43
20050127,2.42
20050128,2.46
20050131,2.48
20050201,2.47
20050202,2.48
20050203,2.48
20050204,2.47
20050207,2.48
20050208,2.47
20050209,2.48
20050210,2.49
20050211,2.48
20050214,2.49
20050215,2.49
20050216,2.47
20050217,2.48
20050218,2.48
20050221,
20050222,2.48
20050223,2.49
20050224,2.51
20050225,2.51
20050228,2.64
20050301,2.56
20050302,2.55
20050303,2.58
20050304,2.58
20050307,2.63
20050308,2.6
20050309,2.62
20050310,2.6
20050311,2.62
20050314,2.64
20050315,2.69
20050316,2.68
20050317,2.69
20050318,2.71
20050321,2.76
20050322,2.73
20050323,2.73
20050324,2.72
20050325,
20050328,2.75
20050329,2.75
20050330,2.73
20050331,2.74
20050401,2.74
20050404,2.74
20050405,2.75
20050406,2.72
20050407,2.75
20050408,2.76
20050411,2.78
20050412,2.8
20050413,2.81
20050414,2.82
20050415,2.82
20050418,2.89
20050419,2.82
20050420,2.99
20050421,2.84
20050422,2.89
20050425,2.9
20050426,2.92
20050427,2.92
20050428,2.94
20050429,2.96
20050502,2.98
20050503,2.97
20050504,2.97
20050505,2.97
20050506,2.97
20050509,2.96
20050510,2.97
20050511,2.97
20050512,2.97
20050513,2.96
20050516,3
20050517,2.97
20050518,2.96
20050519,2.97
20050520,2.98
20050523,2.99
20050524,2.97
20050525,2.98
20050526,2.98
20050527,2.98
20050530,
20050531,3
20050601,2.98
20050602,3.01
20050603,3
20050606,3.03
20050607,3.02
20050608,3.02
20050609,3.03
20050610,3.05
20050613,3.08
20050614,3.08
20050615,3.11
20050616,3.14
20050617,3.12
20050620,3.16
20050621,3.16
20050622,3.17
20050623,3.17
20050624,3.19
20050627,3.2
20050628,3.23
20050629,3.22
20050630,3.24
20050701,3.22
20050704,
20050705,3.22
20050706,3.21
20050707,3.23
20050708,3.23
20050711,3.23
20050712,3.24
20050713,3.24
20050714,3.26
20050715,3.27
20050718,3.26
20050719,3.25
20050720,3.3
20050721,3.29
20050722,3.28
20050725,3.31
20050726,3.31
20050727,3.34
20050728,3.34
20050729,3.37
20050801,3.37
20050802,3.4
20050803,3.39
20050804,3.42
20050805,3.42
20050808,3.44
20050809,3.44
20050810,3.45
20050811,3.46
20050812,3.47
20050815,3.46
20050816,3.47
20050817,3.47
20050818,3.47
20050819,3.47
20050822,3.48
20050823,3.48
20050824,3.61
20050825,3.51
20050826,3.5
20050829,3.51
20050830,3.54
20050831,3.56
20050901,3.55
20050902,3.52
20050905,
20050906,3.52
20050907,3.53
20050908,3.56
20050909,3.6
20050912,3.59
20050913,3.54
20050914,3.62
20050915,3.63
20050916,3.69
20050919,3.69
20050920,3.68
20050921,3.72
20050922,3.71
20050923,3.7
20050926,3.72
20050927,3.72
20050928,3.72
20050929,3.73
20050930,3.73
20051003,3.74
20051004,3.73
20051005,3.74
20051006,3.75
20051007,3.75
20051010,
20051011,3.83
20051012,3.74
20051013,3.77
20051014,3.82
20051017,3.82
20051018,3.83
20051019,3.82
20051020,3.88
20051021,3.85
20051024,3.9
20051025,3.92
20051026,3.98
20051027,3.99
20051028,3.98
20051031,4.02
20051101,4
20051102,3.97
20051103,3.97
20051104,3.97
20051107,3.96
20051108,
20051109,4
20051110,3.97
20051111,
20051114,3.95
20051115,3.98
20051116,3.98
20051117,4
20051118,4
20051121,4.03
20051122,4.05
20051123,4.05
20051124,
20051125,4.1
20051128,4.11
20051129,4.07
20051130,4.11
20051201,4.13
20051202,4.18
20051205,
20051206,4.14
20051207,4.21
20051208,4.21
20051209,4.15
20051212,4.23
20051213,4.25
20051214,4.28
20051215,4.29
20051216,4.24
20051219,4.25
20051220,4.19
20051221,4.29
20051222,4.3
20051223,
20051226,
20051227,
20051228,
20051229,4.26
20051230,4.24
20060102,
20060103,4.22
20060104,4.26
20060105,4.25
20060106,
20060109,4.33
20060110,4.3
20060111,4.3
20060112,4.31
20060113,
20060116,
20060117,4.36
20060118,4.38
20060119,4.35
20060120,4.36
20060123,4.38
20060124,4.49
20060125,4.41
20060126,4.46
20060127,4.45
20060130,4.49
20060131,4.45
20060201,4.46
20060202,4.44
20060203,4.44
20060206,4.47
20060207,4.46
20060208,4.47
20060209,4.46
20060210,4.45
20060213,4.43
20060214,4.44
20060215,4.47
20060216,4.48
20060217,4.47
20060220,
20060221,4.5
20060222,
20060223,4.47
20060224,4.52
20060227,4.51
20060228,4.49
20060301,4.35
20060302,4.53
20060303,4.48
20060306,4.52
20060307,4.5
20060308,4.56
20060309,4.52
20060310,
20060313,4.61
20060314,4.63
20060315,4.59
20060316,4.63
20060317,4.63
20060320,4.63
20060321,4.7
20060322,4.71
20060323,4.66
20060324,4.69
20060327,4.7
20060328,4.74
20060329,
20060330,4.72
20060331,4.73
20060403,4.72
20060404,
20060405,
20060406,4.8
20060407,4.72
20060410,4.71
20060411,4.75
20060412,
20060413,4.73
20060414,
20060417,4.75
20060418,4.76
20060419,
20060420,4.85
20060421,4.8
20060424,4.81
20060425,4.8
20060426,4.9
20060427,4.91
20060428,4.92
20060501,4.92
20060502,4.94
20060503,4.85
20060504,4.95
20060505,4.9
20060508,4.93
20060509,4.94
20060510,4.93
20060511,4.97
20060512,4.94
20060515,4.93
20060516,
20060517,4.99
20060518,4.96
20060519,
20060522,4.97
20060523,4.98
20060524,4.96
20060525,4.97
20060526,5
20060529,
20060530,5.02
20060531,4.99
20060601,4.97
20060602,4.97
20060605,4.97
20060606,
20060607,
20060608,5.04
20060609,5.06
20060612,5.09
20060613,5.01
20060614,5.1
20060615,5.12
20060616,5.16
20060619,5.13
20060620,5.15
20060621,
20060622,5.23
20060623,5.24
20060626,5.3
20060627,5.22
20060628,5.22
20060629,5.2
20060630,
20060703,
20060704,
20060705,5.28
20060706,5.24
20060707,5.22
20060710,5.21
20060711,5.21
20060712,5.25
20060713,
20060714,5.21
20060717,5.22
20060718,5.23
20060719,5.26
20060720,5.22
20060721,5.22
20060724,5.23
20060725,5.29
20060726,5.24
20060727,5.25
20060728,5.24
20060731,5.27
20060801,5.26
20060802,5.25
20060803,5.27
20060804,5.24
20060807,5.23
20060808,5.22
20060809,5.22
20060810,5.18
20060811,5.21
20060814,5.22
20060815,5.24
20060816,5.23
20060817,5.19
20060818,
20060821,5.21
20060822,5.19
20060823,5.21
20060824,5.2
20060825,5.23
20060828,5.21
20060829,5.21
20060830,5.19
20060831,5.21
20060901,5.2
20060904,
20060905,
20060906,5.23
20060907,5.19
20060908,5.22
20060911,5.2
20060912,5.19
20060913,5.23
20060914,5.19
20060915,5.21
20060918,5.2
20060919,5.2
20060920,5.23
20060921,5.19
20060922,5.19
20060925,5.19
20060926,5.21
20060927,5.19
20060928,5.2
20060929,5.3
20061002,5.23
20061003,5.22
20061004,5.21
20061005,5.2
20061006,5.1
20061009,
20061010,5.21
20061011,5.2
20061012,5.19
20061013,5.2
20061016,5.22
20061017,5.19
20061018,
20061019,5.19
20061020,5.2
20061023,
20061024,5.21
20061025,5.2
20061026,5.23
20061027,5.21
20061030,5.19
20061031,5.22
20061101,5.19
20061102,5.21
20061103,5.19
20061106,5.2
20061107,5.21
20061108,5.19
20061109,5.21
20061110,5.22
20061113,5.2
20061114,5.19
20061115,5.2
20061116,5.2
20061117,5.21
20061120,5.2
20061121,5.2
20061122,5.24
20061123,
20061124,
20061127,5.2
20061128,5.24
20061129,5.21
20061130,5.22
20061201,5.19
20061204,5.2
20061205,5.2
20061206,5.21
20061207,5.2
20061208,5.19
20061211,5.17
20061212,5.2
20061213,5.24
20061214,5.23
20061215,5.23
20061218,5.21
20061219,5.24
20061220,5.22
20061221,5.28
20061222,5.32
20061225,
20061226,5.25
20061227,5.29
20061228,5.23
20061229,5.24
20070101,
20070102,5.2
20070103,5.25
20070104,5.21
20070105,5.26
20070108,5.26
20070109,5.26
20070110,5.23
20070111,5.19
20070112,5.24
20070115,
20070116,5.2
20070117,5.21
20070118,5.2
20070119,
20070122,5.19
20070123,5.23
20070124,5.19
20070125,5.23
20070126,5.22
20070129,5.2
20070130,5.2
20070131,5.18
20070201,5.2
20070202,5.19
20070205,5.19
20070206,5.24
20070207,5.26
20070208,5.24
20070209,5.25
20070212,5.2
20070213,5.26
20070214,5.23
20070215,5.25
20070216,5.21
20070219,
20070220,5.2
20070221,5.22
20070222,5.21
20070223,5.22
20070226,5.23
20070227,5.2
20070228,5.21
20070301,5.2
20070302,5.21
20070305,5.24
20070306,5.21
20070307,5.24
20070308,5.23
20070309,5.22
20070312,5.25
20070313,5.23
20070314,5.21
20070315,5.21
20070316,5.21
20070319,5.22
20070320,5.23
20070321,5.23
20070322,5.23
20070323,5.22
20070326,5.23
20070327,5.23
20070328,5.23
20070329,5.24
20070330,5.23
20070402,5.23
20070403,5.23
20070404,5.2
20070405,5.25
20070406,
20070409,5.24
20070410,5.21
20070411,5.24
20070412,5.22
20070413,5.24
20070416,5.18
20070417,5.21
20070418,5.22
20070419,5.23
20070420,5.23
20070423,5.22
20070424,5.24
20070425,5.24
20070426,5.23
20070427,5.22
20070430,
20070501,5.2
20070502,5.22
20070503,5.25
20070504,5.19
20070507,5.22
20070508,5.19
20070509,5.2
20070510,5.2
20070511,5.22
20070514,5.24
20070515,5.24
20070516,5.21
20070517,5.25
20070518,5.2
20070521,5.23
20070522,5.25
20070523,5.22
20070524,5.23
20070525,5.24
20070528,
20070529,5.23
20070530,5.24
20070531,5.24
20070601,5.23
20070604,5.19
20070605,5.24
20070606,5.21
20070607,5.23
20070608,5.22
20070611,
20070612,5.24
20070613,5.27
20070614,5.27
20070615,5.27
20070618,5.24
20070619,5.25
20070620,5.25
20070621,5.22
20070622,5.26
20070625,5.22
20070626,5.26
20070627,5.24
20070628,5.26
20070629,5.23
20070702,5.24
20070703,5.23
20070704,
20070705,5.22
20070706,5.21
20070709,5.26
20070710,5.26
20070711,5.21
20070712,5.22
20070713,5.23
20070716,5.23
20070717,5.25
20070718,5.22
20070719,5.24
20070720,5.22
20070723,5.22
20070724,5.22
20070725,5.25
20070726,5.25
20070727,5.25
20070730,5.26
20070731,5.23
20070801,5.23
20070802,5.26
20070803,5.23
20070806,5.25
20070807,5.26
20070808,5.27
20070809,5.3
20070810,5.3
20070813,5.26
20070814,5.24
20070815,5.23
20070816,5.23
20070817,5.22
20070820,5.23
20070821,5.23
20070822,5.22
20070823,5.24
20070824,5.25
20070827,5.25
20070828,5.21
20070829,5.2
20070830,5.24
20070831,5.22
20070903,
20070904,5.19
20070905,5.2
20070906,5.22
20070907,5.16
20070910,5.1
20070911,5.03
20070912,4.99
20070913,4.99
20070914,5
20070917,4.97
20070918,4.97
20070919,4.76
20070920,4.74
20070921,4.75
20070924,4.78
20070925,4.79
20070926,4.73
20070927,4.82
20070928,4.72
20071001,4.79
20071002,4.69
20071003,4.71
20071004,4.7
20071005,4.7
20071008,
20071009,4.76
20071010,4.71
20071011,4.71
20071012,4.71
20071015,4.78
20071016,4.72
20071017,4.8
20071018,4.79
20071019,4.72
20071022,4.76
20071023,4.72
20071024,4.74
20071025,4.71
20071026,4.64
20071029,4.58
20071030,4.52
20071031,4.49
20071101,4.5
20071102,4.47
20071105,4.52
20071106,4.49
20071107,4.49
20071108,4.48
20071109,4.48
20071112,
20071113,4.49
20071114,4.47
20071115,4.5
20071116,4.48
20071119,4.51
20071120,4.5
20071121,4.47
20071122,
20071123,4.46
20071126,4.47
20071127,4.48
20071128,4.42
20071129,4.44
20071130,4.46
20071203,4.46
20071204,4.46
20071205,4.34
20071206,4.44
20071207,4.33
20071210,4.36
20071211,4.24
20071212,4.23
20071213,4.21
20071214,4.2
20071217,4.22
20071218,4.15
20071219,4.19
20071220,4.2
20071221,4.26
20071224,4.2
20071225,
20071226,4.2
20071227,4.16
20071228,4.19
20071231,3.98
20080101,
20080102,4.2
20080103,4.16
20080104,4.18
20080107,4.05
20080108,4
20080109,3.88
20080110,4.08
20080111,4.12
20080114,3.88
20080115,3.91
20080116,3.6
20080117,3.74
20080118,3.6
20080121,
20080122,3.25
20080123,3.04
20080124,3.03
20080125,3.12
20080128,3.03
20080129,3.08
20080130,3
20080131,2.94
20080201,2.91
20080204,2.93
20080205,3.01
20080206,2.9
20080207,2.85
20080208,2.94
20080211,2.91
20080212,2.89
20080213,2.9
20080214,2.89
20080215,2.96
20080218,
20080219,2.91
20080220,2.97
20080221,2.78
20080222,2.95
20080225,2.87
20080226,2.78
20080227,2.82
20080228,2.96
20080229,2.79
20080303,2.7
20080304,2.7
20080305,2.71
20080306,2.7
20080307,2.63
20080310,2.6
20080311,2.55
20080312,2.53
20080313,2.22
20080314,2.46
20080317,2.28
20080318,2.08
20080319,2.2
20080320,2.15
20080321,
20080324,2.15
20080325,2.23
20080326,2.15
20080327,2.06
20080328,2.09
20080331,2.1
20080401,2.1
20080402,2.05
20080403,2.15
20080404,1.98
20080407,2.09
20080408,2.13
20080409,2.07
20080410,2.16
20080411,2.06
20080414,2.15
20080415,2.15
20080416,1.96
20080417,2.15
20080418,2.15
20080421,2.13
20080422,2.13
20080423,2.01
20080424,2.09
20080425,2.27
20080428,2.1
20080429,2.07
20080430,2.07
20080501,2
20080502,1.99
20080505,1.98
20080506,1.96
20080507,1.98
20080508,1.96
20080509,1.94
20080512,1.95
20080513,1.94
20080514,1.94
20080515,2.03
20080516,2.01
20080519,2
20080520,1.99
20080521,1.97
20080522,1.93
20080523,1.99
20080526,
20080527,2.04
20080528,2.07
20080529,2.06
20080530,2.1
20080602,2.12
20080603,2.07
20080604,2.1
20080605,2.08
20080606,2.08
20080609,2.05
20080610,2.06
20080611,2.14
20080612,2.16
20080613,2.1
20080616,2.2
20080617,2.19
20080618,2.18
20080619,2.14
20080620,2.14
20080623,2.17
20080624,2.16
20080625,2.22
20080626,2.16
20080627,2.16
20080630,2.17
20080701,2.16
20080702,2.2
20080703,
20080704,
20080707,2.13
20080708,2.16
20080709,2.11
20080710,2.14
20080711,2.09
20080714,2.13
20080715,2.1
20080716,2.08
20080717,2.02
20080718,2.04
20080721,2.05
20080722,2.02
20080723,2.03
20080724,2.02
20080725,2.05
20080728,2
20080729,2.05
20080730,2.08
20080731,2.08
20080801,2.03
20080804,2.02
20080805,2.05
20080806,2.03
20080807,2.02
20080808,2.02
20080811,2.05
20080812,2.06
20080813,2.01
20080814,2.01
20080815,2.03
20080818,2.05
20080819,2.02
20080820,2.05
20080821,2.06
20080822,2.05
20080825,2.15
20080826,1.98
20080827,2.03
20080828,2.03
20080829,2.03
20080901,
20080902,2.05
20080903,2.01
20080904,2.05
20080905,2
20080908,2
20080909,2.04
20080910,2.07
20080911,2.01
20080912,2.04
20080915,2.13
20080916,2.52
20080917,2.22
20080918,2.41
20080919,2.16
20080922,
20080923,2.05
20080924,1.86
20080925,1.93
20080926,2.13
20080929,2.12
20080930,2.16
20081001,2
20081002,2.01
20081003,1.98
20081006,1.8
20081007,1.5
20081008,1.85
20081009,1.65
20081010,1.43
20081013,
20081014,1.7
20081015,1.65
20081016,1.69
20081017,1.43
20081020,1.7
20081021,1.58
20081022,1.39
20081023,1.33
20081024,1.37
20081027,1.4
20081028,1.36
20081029,1.25
20081030,0.98
20081031,0.97
20081103,0.9
20081104,0.95
20081105,0.83
20081106,0.82
20081107,0.62
20081110,0.65
20081111,
20081112,0.75
20081113,0.65
20081114,0.5
20081117,0.5
20081118,0.45
20081119,0.43
20081120,0.46
20081121,0.62
20081124,0.46
20081125,0.64
20081126,0.4
20081127,
20081128,0.37
20081201,0.55
20081202,0.36
20081203,0.43
20081204,0.41
20081205,0.51
20081208,0.51
20081209,0.28
20081210,
20081211,0.28
20081212,0.15
20081215,
20081216,0.15
20081217,0.05
20081218,0.13
20081219,0.09
20081222,0.1
20081223,0.18
20081224,
20081225,
20081226,
20081229,0.12
20081230,0.1
20081231,0.12
20090101,
20090102,0.12
20090105,0.05
20090106,0.08
20090107,0.09
20090108,0.08
20090109,0.17
20090112,0.14
20090113,0.13
20090114,0.12
20090115,0.11
20090116,0.14
20090119,
20090120,0.15
20090121,0.25
20090122,0.17
20090123,0.24
20090126,0.21
20090127,0.19
20090128,0.16
20090129,0.24
20090130,0.19
20090202,0.16
20090203,0.21
20090204,0.24
20090205,0.34
20090206,0.21
20090209,0.32
20090210,0.22
20090211,0.3
20090212,0.24
20090213,0.24
20090216,
20090217,0.28
20090218,0.36
20090219,0.31
20090220,0.34
20090223,0.28
20090224,0.2
20090225,0.35
20090226,0.27
20090227,0.37
20090302,0.33
20090303,0.22
20090304,0.21
20090305,0.24
20090306,0.25
20090309,0.24
20090310,
20090311,0.29
20090312,0.28
20090313,0.2
20090316,0.26
20090317,0.23
20090318,0.19
20090319,0.26
20090320,0.21
20090323,0.23
20090324,0.16
20090325,0.2
20090326,0.17
20090327,0.18
20090330,0.2
20090331,0.14
